item,value,source,date
National recycling service points,10908,AskCI citing MIIT,2025-08-11
Guangdong service points,1102,AskCI citing MIIT,2025-08-11
Jiangsu service points,850+,AskCI citing MIIT,2025-08-11
Zhejiang service points,776,AskCI citing MIIT,2025-08-11
Shandong service points,758,AskCI citing MIIT,2025-08-11
Henan service points,550+,AskCI citing MIIT,2025-08-11
Sichuan service points,550+,AskCI citing MIIT,2025-08-11
Wuxi actual recycling volume,9122.38 tonnes,Hunan MIIT article,2025
Store-level ledgers,not found publicly,multiple searches,2026
