store_id,hub,hub_global,degree,brand_volume,volume_hits,component_volume,component_stores,lon,lat,tier,store_brands,new_energy_related
88,0.985678763442116,11.061722734728727,2,806.3919659049368,1377.509901389168,74789.18816525312,6,120.3944527341899,36.13840257271817,T1,星途,True
60,1.0,11.016127056700144,4,60846.56351039098,60846.56351039098,60846.56351039098,1,120.4191052017919,36.09165180199828,T1,特斯拉中国|特斯拉（进口）,True
50,0.9241615887563336,10.887278306165385,3,8178.593988596271,11642.643005961576,130705.35535494724,5,120.4132110600187,36.16303805429059,T1,深蓝汽车,True
113,1.0,10.545448325679962,4,38003.0619219941,38003.0619219941,38003.0619219941,1,119.9670850556151,35.90115265453388,T1,广汽埃安,True
129,1.0,9.959780910031515,5,21157.159669127795,21157.159669127795,21157.159669127795,1,120.3854129960125,36.09450286332107,T1,零跑汽车,True
84,0.922247331851578,9.270178091245723,8,14265.446100706838,15251.515763690995,23194.80351775856,3,120.4338534918242,36.2421833095709,T1,北京越野|北京汽车|北汽新能源,True
59,1.0,9.036436902378805,4,8402.780157714027,8402.780157714027,8402.780157714027,1,120.4363567997888,36.20626284451407,T1,一汽红旗,True
106,1.0,8.694980591101524,2,5971.856639979788,5971.856639979788,5971.856639979788,1,120.0074263391183,35.85995642300459,T1,东风乘用车,True
112,1.0,7.9324361273673505,1,2785.2060964775887,2785.2060964775887,2785.2060964775887,1,119.9905701752068,35.89539829734763,T1,悦达起亚,True
47,1.0,7.690183418394782,3,2185.775620320427,2185.775620320427,2185.775620320427,1,120.4415445141089,36.17330029114753,T1,合众汽车,True
30,0.7071067811865476,7.678765257803261,4,13005.14575938275,13005.14575938275,52020.58303753101,2,120.1798729699021,36.01808203128125,T1,上汽通用别克,True
119,0.7071067811865476,7.678765257803261,4,13005.14575938275,13005.14575938275,52020.58303753101,2,120.5168861158752,36.88599884927292,T1,进口别克|上汽通用别克,True
35,0.7071067811865475,7.206208551021557,5,6666.07161663476,6666.07161663476,26664.28646653904,2,120.4337506358433,36.25108154954806,T1,领克,True
34,0.7071067811865475,7.206208551021557,5,6666.07161663476,6666.07161663476,26664.28646653904,2,120.3944527341899,36.13840257271817,T1,领克,True
108,1.0,6.933278539503256,3,1024.8517678396377,1024.8517678396377,1024.8517678396377,1,117.0522720504021,33.23415969480133,T1,广汽本田|广汽本田新能源,True
81,0.5773502691896257,6.859351740628461,12,16050.804019532216,16050.80401953222,144457.23617579,3,120.0073674102768,36.07872290602615,T1,上汽通用五菱,True
82,0.5773502691896257,6.859351740628461,12,16050.804019532216,16050.80401953222,144457.23617579,3,120.4500949452751,36.3680640648361,T1,上汽通用五菱|五菱工业,False
83,0.5773502691896257,6.859351740628461,12,16050.804019532216,16050.80401953222,144457.23617579,3,120.3963822944254,36.13509723158277,T1,上汽通用五菱,True
51,1.0,6.520371856242716,1,677.8307658699325,677.8307658699325,677.8307658699325,1,120.4058931040123,36.20466110700598,T1,广汽丰田|丰田(进口)|广汽丰田新能源,True
124,1.0,6.341589197559855,1,566.6977788117733,566.6977788117733,566.6977788117733,1,120.005840470571,35.8598982852997,T1,凯翼汽车,True
25,1.0,6.116962420963995,3,452.48510340856006,452.48510340856006,452.4851034085601,1,120.3982478953085,36.1340219215606,T1,合创汽车,True
19,0.5773502691896257,5.931798827285407,3,3219.2956046526992,3219.2956046526983,28973.66044187429,3,120.4255315895797,36.10044861235468,T1,华晨宝马|宝马(进口),False
55,0.5773502691896257,5.931798827285407,3,3219.2956046526992,3219.2956046526983,28973.66044187429,3,120.4058931040123,36.20466110700598,T1,华晨宝马|宝马(进口)|宝马M,False
69,0.5773502691896257,5.931798827285407,3,3219.2956046526992,3219.2956046526983,28973.66044187429,3,120.4204851787163,36.13552331433014,T1,华晨宝马|宝马(进口)|宝马M,False
107,0.7071067811865476,5.8411880702696175,4,966.9381314907693,966.9381314907694,3867.752525963077,2,120.0687610223897,36.29845888070025,T1,上汽集团,True
130,0.7071067811865476,5.8411880702696175,4,966.9381314907693,966.9381314907694,3867.752525963077,2,120.0058357095518,35.8597970012708,T1,上汽集团,True
104,0.5,5.798157542234241,5,6793.470180647334,6793.470180647334,108695.52289035734,4,120.4402479897664,36.34786988807974,T1,上汽大众,True
28,0.5,5.798157542234241,5,6793.470180647334,6793.470180647334,108695.52289035734,4,119.9769230280687,35.8862989061457,T1,上汽大众,True
103,0.5,5.798157542234241,5,6793.470180647334,6793.470180647334,108695.52289035734,4,119.9704438199169,36.78458214215858,T1,上汽大众,True
118,0.5,5.798157542234241,5,6793.470180647334,6793.470180647334,108695.52289035734,4,120.5435534827361,36.89212823051913,T1,上汽大众,True
132,1.0,5.759592796222003,2,316.21912978634646,316.21912978634646,316.21912978634646,1,120.4001654182501,36.13401587308186,T1,东风风行,True
116,1.0,5.753729785919983,1,314.36471230691785,314.36471230691785,314.36471230691785,1,120.1731435836658,35.99310333516672,T1,雪佛兰(进口)|上汽通用雪佛兰,True
32,0.7071067811865476,5.474697989003388,2,575.7443115266922,575.7443115266922,2302.9772461067687,2,120.4055256072281,36.09245624597378,T1,上汽通用凯迪拉克,True
33,0.7071067811865476,5.474697989003388,2,575.7443115266922,575.7443115266922,2302.9772461067687,2,120.4328094811605,36.24336518696106,T1,上汽通用凯迪拉克,True
66,0.7071067811865475,5.188878937335952,5,384.228782578514,384.228782578514,1536.9151303140563,2,120.4368048745772,36.2070678507379,T1,东风本田|本田(进口),False
101,0.7071067811865475,5.188878937335952,5,384.228782578514,384.228782578514,1536.9151303140563,2,120.4431849098007,36.35893550063494,T1,东风本田|本田(进口),False
37,0.5,5.014619456485788,5,1417.437719896635,1417.437719896635,22679.00351834616,4,120.4376780275329,36.33930991424812,T1,北京奔驰|奔驰(进口)|梅赛德斯-AMG,False
42,0.5,5.014619456485788,5,1417.437719896635,1417.437719896635,22679.00351834616,4,120.4083868899385,36.20602200355017,T1,北京奔驰|奔驰(进口)|梅赛德斯-AMG,False
38,0.5,5.014619456485788,5,1417.437719896635,1417.437719896635,22679.00351834616,4,120.3941652764267,36.11356896334316,T1,北京奔驰|奔驰(进口)|梅赛德斯-AMG,False
36,0.5,5.014619456485788,5,1417.437719896635,1417.437719896635,22679.00351834616,4,120.0588996939928,35.92265221620887,T1,北京奔驰|奔驰(进口)|梅赛德斯-AMG,False
24,0.5,4.894345892256822,4,1114.3727599601382,1114.3727599601382,17829.96415936221,4,120.4942180051448,36.4244038836283,T1,一汽-大众,True
54,0.5,4.894345892256822,4,1114.3727599601382,1114.3727599601382,17829.96415936221,4,120.4369875000874,36.20817986241806,T1,一汽-大众|奥迪(进口)|Audi Sport,False
75,0.5,4.894345892256822,4,1114.3727599601382,1114.3727599601382,17829.96415936221,4,119.7133386321089,37.00412401651599,T1,一汽-大众,True
17,0.5,4.894345892256822,4,1114.3727599601382,1114.3727599601382,17829.96415936221,4,120.5036141909486,36.37979269614454,T1,一汽-大众,True
53,0.5773502691896257,4.833724764019615,4,480.48743769403615,480.48743769403615,4324.386939246325,3,120.4329809676823,36.25702121780597,T2,沃尔沃亚太|沃尔沃(进口）,False
52,0.5773502691896257,4.833724764019615,4,480.48743769403615,480.48743769403615,4324.386939246325,3,120.4069150163604,36.09871491987568,T2,沃尔沃亚太|沃尔沃(进口）,False
56,0.5773502691896257,4.833724764019615,4,480.48743769403615,480.48743769403615,4324.386939246325,3,120.4058931040123,36.20466110700598,T2,沃尔沃亚太|沃尔沃(进口）,False
67,0.3779644730092272,4.604945996053836,15,3990.678295807618,3990.678295807618,195543.2364945732,7,120.4354625366536,36.2279203300717,T2,长城汽车,True
71,0.3779644730092272,4.604945996053836,15,3990.678295807618,3990.678295807618,195543.2364945732,7,120.4134301567326,36.16595606624971,T2,长城汽车,True
68,0.3779644730092272,4.604945996053836,15,3990.678295807618,3990.678295807618,195543.2364945732,7,119.9625901145043,35.88989652208085,T2,长城汽车,True
65,0.3779644730092272,4.604945996053836,15,3990.678295807618,3990.678295807618,195543.2364945732,7,120.3776197465607,36.41652424646415,T2,长城汽车,True
73,0.3779644730092272,4.604945996053836,15,3990.678295807618,3990.678295807618,195543.2364945732,7,120.4300795307157,36.25943128364363,T2,长城汽车,True
72,0.3779644730092272,4.604945996053836,15,3990.678295807618,3990.678295807618,195543.2364945732,7,116.3408705899161,40.03582822214375,T2,长城汽车,True
70,0.3779644730092272,4.604945996053836,15,3990.678295807618,3990.678295807618,195543.2364945732,7,119.9625901145043,35.88989652208085,T2,长城汽车,True
78,0.447213595499958,4.562659428020104,3,1078.691199673682,1078.691199673682,26967.27999184205,5,120.4003545115599,36.11528986079328,T2,一汽丰田|丰田(进口),False
114,0.447213595499958,4.562659428020104,3,1078.691199673682,1078.691199673682,26967.27999184205,5,119.9908278092271,35.89557014622906,T2,一汽丰田|丰田(进口),False
41,0.447213595499958,4.562659428020104,3,1078.691199673682,1078.691199673682,26967.27999184205,5,120.423692129387,36.31028097662998,T2,一汽丰田|丰田(进口),False
44,0.447213595499958,4.562659428020104,3,1078.691199673682,1078.691199673682,26967.27999184205,5,120.4339563478051,36.2553142273845,T2,一汽丰田|丰田(进口),False
80,0.447213595499958,4.562659428020104,3,1078.691199673682,1078.691199673682,26967.27999184205,5,120.1814115875796,36.01398363617896,T2,一汽丰田|丰田(进口),False
95,0.3742278594855999,4.40866933414014,8,14303.030201131402,22795.773900464646,130705.35535494724,5,119.9928733407039,35.8960454880696,T2,长安汽车|深蓝汽车,True
123,0.4472135954999579,4.339334582272363,3,654.6561783710496,654.6561783710495,16366.404459276238,5,119.9640494118052,35.88442872110176,T2,东风日产|郑州日产,False
110,0.4472135954999579,4.339334582272363,3,654.6561783710496,654.6561783710495,16366.404459276238,5,120.0628215161882,36.27332351397687,T2,东风日产,True
39,0.4472135954999579,4.339334582272363,3,654.6561783710496,654.6561783710495,16366.404459276238,5,120.3932375963266,36.12762251384299,T2,东风日产|日产(进口),False
31,0.4472135954999579,4.339334582272363,3,654.6561783710496,654.6561783710495,16366.404459276238,5,120.1771405042019,35.99794831015929,T2,东风日产|郑州日产,False
111,0.4472135954999579,4.339334582272363,3,654.6561783710496,654.6561783710495,16366.404459276238,5,120.0598093415081,36.28399763371413,T2,东风日产|日产(进口),False
92,0.2236067977499789,3.474621444819835,18,14009.833681360038,14009.833681360027,5603933.472544015,20,119.9928733407039,35.8960454880696,T2,比亚迪,True
91,0.2236067977499789,3.474621444819835,18,14009.833681360038,14009.833681360027,5603933.472544015,20,119.9928733407039,35.8960454880696,T2,比亚迪,True
120,0.2236067977499789,3.474621444819835,18,14009.833681360038,14009.833681360027,5603933.472544015,20,119.9670518183112,35.8903014290476,T2,比亚迪,True
8,0.2236067977499789,3.474621444819835,18,14009.833681360038,14009.833681360027,5603933.472544015,20,120.4410049019891,36.17299423190696,T2,比亚迪,True
13,0.2236067977499789,3.474621444819835,18,14009.833681360038,14009.833681360027,5603933.472544015,20,120.3854129960125,36.09450286332107,T2,比亚迪,True
12,0.2236067977499789,3.474621444819835,18,14009.833681360038,14009.833681360027,5603933.472544015,20,120.4366006820976,36.33859957471895,T2,比亚迪,True
15,0.2236067977499789,3.474621444819835,18,14009.833681360038,14009.833681360027,5603933.472544015,20,119.9205221979803,36.77318118504403,T2,比亚迪,True
127,0.2236067977499789,3.474621444819835,18,14009.833681360038,14009.833681360027,5603933.472544015,20,120.1639385572745,36.02641164584645,T2,比亚迪,True
128,0.2236067977499789,3.474621444819835,18,14009.833681360038,14009.833681360027,5603933.472544015,20,120.4379141022209,36.21237324218017,T2,比亚迪,True
125,0.2236067977499789,3.474621444819835,18,14009.833681360038,14009.833681360027,5603933.472544015,20,120.005840470571,35.8598982852997,T2,比亚迪,True
93,0.2236067977499789,3.474621444819835,18,14009.833681360038,14009.833681360027,5603933.472544015,20,120.1920507587176,35.95822244116709,T2,比亚迪,True
90,0.2236067977499789,3.474621444819835,18,14009.833681360038,14009.833681360027,5603933.472544015,20,120.0789928119788,36.28482506965262,T2,比亚迪,True
7,0.2236067977499789,3.474621444819835,18,14009.833681360038,14009.833681360027,5603933.472544015,20,120.3955756160774,36.13501408432672,T2,比亚迪,True
11,0.2236067977499789,3.474621444819835,18,14009.833681360038,14009.833681360027,5603933.472544015,20,119.9432697189179,36.79749259036966,T2,比亚迪,True
58,0.2236067977499789,3.474621444819835,18,14009.833681360038,14009.833681360027,5603933.472544015,20,120.3921800212497,36.12736940386639,T2,比亚迪,True
9,0.2236067977499789,3.474621444819835,18,14009.833681360038,14009.833681360027,5603933.472544015,20,120.5219607335316,36.8558784261674,T2,比亚迪,True
10,0.2236067977499789,3.474621444819835,18,14009.833681360038,14009.833681360027,5603933.472544015,20,120.3819159824927,36.06786988844823,T2,比亚迪,True
5,0.2236067977499789,3.474621444819835,18,14009.833681360038,14009.833681360027,5603933.472544015,20,120.4412278614167,36.3486478420747,T2,比亚迪,True
6,0.2236067977499789,3.474621444819835,18,14009.833681360038,14009.833681360027,5603933.472544015,20,120.176827983715,36.02566891374483,T2,比亚迪,True
14,0.2236067977499789,3.474621444819835,18,14009.833681360038,14009.833681360027,5603933.472544015,20,120.4069260655182,36.20023111131882,T2,比亚迪,True
26,1.0,3.1910838054779145,1,23.314765643972358,23.314765643972358,23.314765643972358,1,120.3956010381233,36.13088692469499,T2,长安马自达,True
76,0.2733677549498524,2.747817949986748,4,1116.169677131465,623.134845639385,23194.80351775856,3,119.976700697455,36.75993613014904,T2,北京越野|北京汽车,True
85,0.2733677549498524,2.747817949986748,4,1116.169677131465,623.134845639385,23194.80351775856,3,120.5174648941153,36.8847432108737,T2,北京越野|北京汽车,True
98,0.5,1.903841471456228,1,2.7528714893232307,2.7528714893232307,44.04594382917169,4,120.3943569748226,36.13629079663981,T3,江淮汽车,True
99,0.5,1.903841471456228,1,2.7528714893232307,2.7528714893232307,44.04594382917169,4,120.0825554018009,36.29791006932953,T3,江淮汽车,True
105,0.5,1.903841471456228,1,2.7528714893232307,2.7528714893232307,44.04594382917169,4,120.0068534896946,35.85869413040815,T3,江淮汽车,True
100,0.5,1.903841471456228,1,2.7528714893232307,2.7528714893232307,44.04594382917169,4,120.4435356981024,36.35743123791094,T3,江淮汽车,True
89,0.1683505978006087,1.8893048163003527,12,3668.936777970272,13059.531827896828,74789.18816525312,6,120.3980606884402,36.13413013823922,T3,奇瑞汽车|星途,True
94,0.0442676219231597,0.5215039509249942,5,6124.436212535134,2138.838640302284,130705.35535494724,5,119.9931935866182,35.89635314666166,T3,长安汽车,True
63,0.0442676219231597,0.5215039509249942,5,6124.436212535134,2138.838640302284,130705.35535494724,5,120.0392273423076,36.29296281023458,T3,长安汽车,True
62,0.0442676219231597,0.5215039509249942,5,6124.436212535134,2138.838640302284,130705.35535494724,5,119.9862308206103,35.89389944629397,T3,长安汽车,True
87,0.0048849646723072,0.0548212326146778,10,2862.544812065335,372.1165657126384,74789.18816525312,6,120.3944527341899,36.13840257271817,T3,奇瑞汽车,True
126,0.0048849646723072,0.0548212326146778,10,2862.544812065335,372.1165657126384,74789.18816525312,6,120.0190475378398,36.32028222769079,T3,奇瑞汽车,True
86,0.0048849646723072,0.0548212326146778,10,2862.544812065335,372.1165657126384,74789.18816525312,6,120.4134301567326,36.16595606624971,T3,奇瑞汽车,True
121,0.0048849646723072,0.0548212326146778,10,2862.544812065335,372.1165657126384,74789.18816525312,6,120.0068534896946,35.85869413040815,T3,奇瑞汽车,True
4,0.0,0.0,0,0.0,0.0,0.0,0,120.4354625366536,36.2279203300717,T3,威马汽车,False
3,0.0,0.0,0,0.0,0.0,0.0,0,120.3948429581035,36.12862190030184,T3,斯巴鲁,False
2,0.0,0.0,0,0.0,0.0,0.0,0,120.434685412557,36.24767927573815,T3,大众(进口),False
1,0.0,0.0,0,0.0,0.0,0.0,0,120.396671458969,36.13182687588085,T3,东风雷诺|雷诺(进口),False
61,0.0,0.0,0,0.0,0.0,0.0,0,119.9862308206103,35.89389944629397,T3,福汽新龙马,False
46,0.0,0.0,0,0.0,0.0,0.0,0,120.4069150163604,36.09871491987568,T3,斯巴鲁,False
45,0.0,0.0,0,0.0,0.0,0.0,0,120.4366022168542,36.24977150590921,T3,长安林肯|林肯,False
49,0.0,0.0,0,0.0,0.0,0.0,0,120.3130474804008,36.31878513595675,T3,雷克萨斯,False
43,0.0,0.0,0,0.0,0.0,0.0,0,120.4328094811605,36.24336518696106,T3,上汽大众斯柯达,False
18,0.0,0.0,0,0.0,0.0,0.0,0,120.5036141909486,36.37979269614454,T3,广汽三菱|进口三菱,False
16,0.0,0.0,0,0.0,0.0,0.0,0,120.396671458969,36.13182687588085,T3,广汽菲克菲亚特|菲亚特(进口）,False
23,0.0,0.0,0,0.0,0.0,0.0,0,120.4585301238444,36.11802941255184,T3,一汽-大众奥迪|奥迪(进口)|Audi Sport,False
27,0.0,0.0,0,0.0,0.0,0.0,0,119.9846476469796,35.89455695604801,T3,长城新能源,False
21,0.0,0.0,0,0.0,0.0,0.0,0,120.3913582513692,36.12604138288825,T3,江铃福特,False
22,0.0,0.0,0,0.0,0.0,0.0,0,120.3966266335241,36.12587536045201,T3,一汽-大众奥迪|奥迪(进口)|Audi Sport,False
29,0.0,0.0,0,0.0,0.0,0.0,0,119.9966600577506,35.88765293851024,T3,天津一汽,False
20,0.0,0.0,0,0.0,0.0,0.0,0,120.3913582513692,36.12604138288825,T3,长安福特|福特(进口),False
64,0.0,0.0,0,0.0,0.0,0.0,0,120.4329809676823,36.25702121780597,T3,路虎(进口)|捷豹(进口)|奇瑞捷豹路虎,False
57,0.0,0.0,0,0.0,0.0,0.0,0,120.4358197029244,36.14249042351475,T3,路虎(进口)|捷豹(进口)|奇瑞捷豹路虎,False
40,0.0,0.0,0,0.0,0.0,0.0,0,120.4302522748652,36.26146826736256,T3,福建奔驰,False
48,0.0,0.0,0,0.0,0.0,0.0,0,120.4393009960978,36.15118415225635,T3,MINI,False
74,0.0,0.0,0,0.0,0.0,0.0,0,120.4415445141089,36.17330029114753,T3,长城新能源,False
79,0.0,0.0,0,0.0,0.0,0.0,0,120.4165409887137,36.13368386188909,T3,北京现代,False
77,0.0,0.0,0,0.0,0.0,0.0,0,120.4043269083556,36.09412868706599,T3,阿斯顿马丁,False
97,0.0,0.0,0,0.0,0.0,0.0,0,119.9280040947424,36.78000655801812,T3,江铃福特|江铃汽车,False
96,0.0,0.0,0,0.0,0.0,0.0,0,119.9247613915125,36.77988464947315,T3,东风雷诺|雷诺(进口),False
102,0.0,0.0,0,0.0,0.0,0.0,0,120.4431849098007,36.35893550063494,T3,北京现代,False
109,0.0,0.0,0,0.0,0.0,0.0,0,120.5036141909486,36.37979269614454,T3,东风雪铁龙,False
115,0.0,0.0,0,0.0,0.0,0.0,0,120.206218024746,36.03780824596296,T3,北京现代,False
117,0.0,0.0,0,0.0,0.0,0.0,0,120.0294376986904,35.89654524079448,T3,东风标致,False
122,0.0,0.0,0,0.0,0.0,0.0,0,120.0127421518041,36.31993654623825,T3,东风标致,False
131,0.0,0.0,0,0.0,0.0,0.0,0,120.0471444680892,35.89141920705167,T3,野马汽车,False
